INSERT INTO role (id, name) VALUES (2, 'business');
INSERT INTO role (id, name) VALUES (3, 'user');
INSERT INTO role (id, name) VALUES (1, 'admin');

INSERT INTO technology_type (id, name) VALUES (1, 'React');
INSERT INTO technology_type (id, name) VALUES (2, 'Redux');
INSERT INTO technology_type (id, name) VALUES (3, 'Angular');
INSERT INTO technology_type (id, name) VALUES (4, 'NodeJs');
INSERT INTO technology_type (id, name) VALUES (5, 'Graphql');
INSERT INTO technology_type (id, name) VALUES (6, 'C#');
INSERT INTO technology_type (id, name) VALUES (7, 'C++');
INSERT INTO technology_type (id, name) VALUES (8, 'Java');
INSERT INTO technology_type (id, name) VALUES (9, 'Kotlin');
INSERT INTO technology_type (id, name) VALUES (10, 'Go');
INSERT INTO technology_type (id, name) VALUES (11, 'Python');
INSERT INTO language_type (id, name) VALUES (1, 'Český jazyk');
INSERT INTO language_type (id, name) VALUES (2, 'Anglický jazyk');
INSERT INTO language_type (id, name) VALUES (3, 'Německý jazyk');
INSERT INTO language_type (id, name) VALUES (4, 'Francouzský jazyk');
INSERT INTO other (id, name, date, description) VALUES (27, 'Umím vařit kafe', '2020-08-20', 'Nejlepší.');
INSERT INTO other (id, name, date, description) VALUES (63, '262. místo v Blindoru Trail fest 2020', '2020-08-30', 'Phila jsem porazil');
INSERT INTO other (id, name, date, description) VALUES (79, 'Team Leader', '2019-08-04', 'Becoming team leader');
INSERT INTO skill_type (id, name) VALUES (49, 'Komunikace se zákazníkem');
INSERT INTO skill_type (id, name) VALUES (74, 'React Development');
INSERT INTO skill_type (id, name) VALUES (75, 'UI/UX');
INSERT INTO skill_type (id, name) VALUES (50, 'Software analysis');
INSERT INTO project_type (id, name, description) VALUES (14, 'Tmobile', 'PMO');
INSERT INTO project_type (id, name, description) VALUES (64, 'InvaSys', 'Sledování lidí a teroristů');
INSERT INTO project_type (id, name, description) VALUES (3, 'Photon Energy', 'Monitorování elektráren');
INSERT INTO certificate (id, name, date, description) VALUES (25, 'Analytický kurz', '2016-06-28', 'Analýza');
INSERT INTO certificate (id, name, date, description) VALUES (47, 'ABC school of English', '2015-02-05', 'Level B2 of Callan Method');
INSERT INTO certificate (id, name, date, description) VALUES (62, 'Atlassian professional certified', '2019-08-15', 'Jira a Agile');
INSERT INTO position_type (id, name) VALUES (1, 'React developer');
INSERT INTO position_type (id, name) VALUES (2, 'Java developer');
INSERT INTO position_type (id, name) VALUES (3, 'Team leader');
INSERT INTO position_type (id, name) VALUES (4, 'Personal leader');
INSERT INTO position_type (id, name) VALUES (5, 'Product owner');
INSERT INTO position_type (id, name) VALUES (18, 'Delivery Manager');
INSERT INTO position_type (id, name) VALUES (41, 'Junior React Developer');
INSERT INTO position_type (id, name) VALUES (51, 'Software Analytik');

INSERT INTO project (id, app_from, app_to, company, contribution, project_type_id) VALUES (26, '2020-01-01', '2020-06-19', 'MoroSystems', 'Celý jsem to ridila.', 3);
INSERT INTO project (id, app_from, app_to, company, contribution, project_type_id) VALUES (48, '2019-02-01', '2020-07-31', 'MoroSystems', 'Creating the documentation, Programming, Responsible for user testing, ...', 3);
INSERT INTO project (id, app_from, app_to, company, contribution, project_type_id) VALUES (65, '2020-01-09', '2020-08-20', 'MoroSystems', 'Lopata', 64);
INSERT INTO project (id, app_from, app_to, company, contribution, project_type_id) VALUES (13, '2019-01-01', '2020-02-29', 'Morosystems', 'Jan is responsible for technical part of delivery, team leading and programming', 3);
INSERT INTO project (id, app_from, app_to, company, contribution, project_type_id) VALUES (15, '2020-08-01', '2020-08-28', 'Morosystems', 'Jan was responsible for frontend development', 14);
INSERT INTO project (id, app_from, app_to, company, contribution, project_type_id) VALUES (80, '2020-09-17', '2020-10-01', 'Morosystems', 'Test', 64);INSERT INTO project_positions (project_id, positions_id) VALUES (26, 18);

INSERT INTO language (id, level, language_type_id) VALUES (4, 5, 1);
INSERT INTO language (id, level, language_type_id) VALUES (19, 3, 3);
INSERT INTO language (id, level, language_type_id) VALUES (21, 4, 2);
INSERT INTO language (id, level, language_type_id) VALUES (42, 5, 1);
INSERT INTO language (id, level, language_type_id) VALUES (43, 4, 2);
INSERT INTO language (id, level, language_type_id) VALUES (58, 5, 1);
INSERT INTO language (id, level, language_type_id) VALUES (66, 3, 2);
INSERT INTO language (id, level, language_type_id) VALUES (22, 5, 1);

INSERT INTO project_positions (project_id, positions_id) VALUES (48, 1);
INSERT INTO project_positions (project_id, positions_id) VALUES (48, 5);
INSERT INTO project_positions (project_id, positions_id) VALUES (48, 51);
INSERT INTO project_positions (project_id, positions_id) VALUES (65, 2);
INSERT INTO project_positions (project_id, positions_id) VALUES (13, 1);
INSERT INTO project_positions (project_id, positions_id) VALUES (13, 3);
INSERT INTO project_positions (project_id, positions_id) VALUES (15, 1);
INSERT INTO project_positions (project_id, positions_id) VALUES (80, 3);
INSERT INTO project_positions (project_id, positions_id) VALUES (80, 18);
INSERT INTO project_technologies (project_id, technologies_id) VALUES (26, 6);
INSERT INTO project_technologies (project_id, technologies_id) VALUES (48, 1);
INSERT INTO project_technologies (project_id, technologies_id) VALUES (48, 2);
INSERT INTO project_technologies (project_id, technologies_id) VALUES (48, 5);
INSERT INTO project_technologies (project_id, technologies_id) VALUES (65, 8);
INSERT INTO project_technologies (project_id, technologies_id) VALUES (13, 1);
INSERT INTO project_technologies (project_id, technologies_id) VALUES (13, 2);
INSERT INTO project_technologies (project_id, technologies_id) VALUES (13, 5);
INSERT INTO project_technologies (project_id, technologies_id) VALUES (15, 1);
INSERT INTO project_technologies (project_id, technologies_id) VALUES (15, 2);
INSERT INTO project_technologies (project_id, technologies_id) VALUES (80, 6);
INSERT INTO project_type_technologies (project_type_id, technologies_id) VALUES (14, 1);
INSERT INTO project_type_technologies (project_type_id, technologies_id) VALUES (14, 2);
INSERT INTO project_type_technologies (project_type_id, technologies_id) VALUES (14, 8);
INSERT INTO project_type_technologies (project_type_id, technologies_id) VALUES (64, 1);
INSERT INTO project_type_technologies (project_type_id, technologies_id) VALUES (64, 2);
INSERT INTO project_type_technologies (project_type_id, technologies_id) VALUES (64, 8);
INSERT INTO project_type_technologies (project_type_id, technologies_id) VALUES (64, 9);
INSERT INTO project_type_technologies (project_type_id, technologies_id) VALUES (3, 1);
INSERT INTO project_type_technologies (project_type_id, technologies_id) VALUES (3, 2);
INSERT INTO project_type_technologies (project_type_id, technologies_id) VALUES (3, 5);
INSERT INTO project_type_technologies (project_type_id, technologies_id) VALUES (3, 6);
INSERT INTO skill (id, level, skill_type_id) VALUES (52, 5, 49);
INSERT INTO skill (id, level, skill_type_id) VALUES (53, 4, 50);
INSERT INTO skill (id, level, skill_type_id) VALUES (78, 3, 75);
INSERT INTO skill (id, level, skill_type_id) VALUES (77, 2, 50);
INSERT INTO skill (id, level, skill_type_id) VALUES (76, 4, 74);
INSERT INTO technology (id, level, technology_type_id) VALUES (12, 1, 9);
INSERT INTO technology (id, level, technology_type_id) VALUES (11, 2, 8);
INSERT INTO technology (id, level, technology_type_id) VALUES (9, 2, 4);
INSERT INTO technology (id, level, technology_type_id) VALUES (10, 2, 5);
INSERT INTO technology (id, level, technology_type_id) VALUES (23, 1, 7);
INSERT INTO technology (id, level, technology_type_id) VALUES (24, 2, 8);
INSERT INTO technology (id, level, technology_type_id) VALUES (44, 4, 1);
INSERT INTO technology (id, level, technology_type_id) VALUES (45, 4, 2);
INSERT INTO technology (id, level, technology_type_id) VALUES (46, 3, 5);
INSERT INTO technology (id, level, technology_type_id) VALUES (61, 4, 8);
INSERT INTO technology (id, level, technology_type_id) VALUES (7, 4, 1);
INSERT INTO technology (id, level, technology_type_id) VALUES (8, 4, 2);



INSERT INTO app_user (id, first_name, last_name, google_id, google_email, role_id) VALUES (1, 'Jan', 'Bártl', '104952218543147194291', 'jan.bartl@morosystems.cz', 1);
INSERT INTO app_user (id, first_name, last_name, google_id, google_email, role_id) VALUES (81, 'Test', 'Test', null, 'test@test.cz', 3);
INSERT INTO app_user (id, first_name, last_name, google_id, google_email, role_id) VALUES (39, 'Michaela', 'Kaftanová', null, 'michaela.kaftanova@morosystems.cz', 3);
INSERT INTO app_user (id, first_name, last_name, google_id, google_email, role_id) VALUES (56, 'Miloš', 'Zikmund', null, 'milos.zikmund@morosystems.cz', 3);
INSERT INTO app_user (id, first_name, last_name, google_id, google_email, role_id) VALUES (16, 'Jana', 'Jurčíková', null, 'jana.jurcikova@morosystems.cz', 3);
INSERT INTO cv (id, profile, avatar, user_id, updated_at, created_at) VALUES (57, 'Už jako malý chlapec jsem chtěl být programátor. Done. Profit.', 'MEN', 56, '2020-08-31 13:37:35.734000', '2020-08-31 13:30:13.976000');
INSERT INTO cv (id, profile, avatar, user_id, updated_at, created_at) VALUES (2, 'Jan is a frontend Developer focusing on web applications with 4 years of experience within software development. Currently, he focuses on React development and team leadership.', 'MEN', 1, '2020-09-04 16:07:48.293000', '2020-08-28 13:15:31.643000');
INSERT INTO cv (id, profile, avatar, user_id, updated_at, created_at) VALUES (17, 'I am the best.

BEST !!', 'WOMAN', 16, '2020-08-28 13:39:36.917000', '2020-08-28 13:27:03.083000');
INSERT INTO cv (id, profile, avatar, user_id, updated_at, created_at) VALUES (40, 'Zatim nic...', 'WOMAN', 39, '2020-08-28 16:08:03.523000', '2020-08-28 16:06:33.498000');INSERT INTO cv_certificates (cv_id, certificates_id) VALUES (40, 47);
INSERT INTO cv_certificates (cv_id, certificates_id) VALUES (57, 62);
INSERT INTO cv_certificates (cv_id, certificates_id) VALUES (17, 25);
INSERT INTO cv_others (cv_id, others_id) VALUES (57, 63);
INSERT INTO cv_others (cv_id, others_id) VALUES (17, 27);
INSERT INTO cv_others (cv_id, others_id) VALUES (2, 79);
INSERT INTO cv_languages (cv_id, languages_id) VALUES (40, 42);
INSERT INTO cv_languages (cv_id, languages_id) VALUES (40, 43);
INSERT INTO cv_languages (cv_id, languages_id) VALUES (57, 58);
INSERT INTO cv_languages (cv_id, languages_id) VALUES (17, 19);
INSERT INTO cv_languages (cv_id, languages_id) VALUES (17, 21);
INSERT INTO cv_languages (cv_id, languages_id) VALUES (17, 22);
INSERT INTO cv_languages (cv_id, languages_id) VALUES (2, 4);
INSERT INTO cv_languages (cv_id, languages_id) VALUES (2, 66);
INSERT INTO cv_positions (cv_id, positions_id) VALUES (40, 41);
INSERT INTO cv_positions (cv_id, positions_id) VALUES (40, 5);
INSERT INTO cv_positions (cv_id, positions_id) VALUES (57, 2);
INSERT INTO cv_positions (cv_id, positions_id) VALUES (57, 3);
INSERT INTO cv_positions (cv_id, positions_id) VALUES (57, 4);
INSERT INTO cv_positions (cv_id, positions_id) VALUES (17, 18);
INSERT INTO cv_positions (cv_id, positions_id) VALUES (2, 1);
INSERT INTO cv_positions (cv_id, positions_id) VALUES (2, 2);
INSERT INTO cv_positions (cv_id, positions_id) VALUES (2, 3);
INSERT INTO cv_projects (cv_id, projects_id) VALUES (2, 13);
INSERT INTO cv_projects (cv_id, projects_id) VALUES (2, 15);
INSERT INTO cv_projects (cv_id, projects_id) VALUES (2, 80);
INSERT INTO cv_projects (cv_id, projects_id) VALUES (40, 48);
INSERT INTO cv_projects (cv_id, projects_id) VALUES (57, 65);
INSERT INTO cv_projects (cv_id, projects_id) VALUES (17, 26);
INSERT INTO cv_skills (cv_id, skills_id) VALUES (40, 52);
INSERT INTO cv_skills (cv_id, skills_id) VALUES (40, 53);
INSERT INTO cv_skills (cv_id, skills_id) VALUES (2, 76);
INSERT INTO cv_skills (cv_id, skills_id) VALUES (2, 77);
INSERT INTO cv_skills (cv_id, skills_id) VALUES (2, 78);
INSERT INTO cv_technologies (cv_id, technologies_id) VALUES (2, 7);
INSERT INTO cv_technologies (cv_id, technologies_id) VALUES (2, 8);
INSERT INTO cv_technologies (cv_id, technologies_id) VALUES (2, 9);
INSERT INTO cv_technologies (cv_id, technologies_id) VALUES (2, 10);
INSERT INTO cv_technologies (cv_id, technologies_id) VALUES (2, 11);
INSERT INTO cv_technologies (cv_id, technologies_id) VALUES (2, 12);
INSERT INTO cv_technologies (cv_id, technologies_id) VALUES (40, 44);
INSERT INTO cv_technologies (cv_id, technologies_id) VALUES (40, 45);
INSERT INTO cv_technologies (cv_id, technologies_id) VALUES (40, 46);
INSERT INTO cv_technologies (cv_id, technologies_id) VALUES (57, 61);
INSERT INTO cv_technologies (cv_id, technologies_id) VALUES (17, 23);
INSERT INTO cv_technologies (cv_id, technologies_id) VALUES (17, 24);
